galaxy,n,wrms_M0,aicc_M0,bic_M0,wrms_M1,aicc_M1,bic_M1,wrms_M2,aicc_M2,bic_M2,wrms_M3,aicc_M3,bic_M3,winner,dBIC_second_minus_best,dBIC_M2_minus_M0,dBIC_M3_minus_M0,cv_wrms_M0,cv_wrms_M1,cv_wrms_M2,cv_wrms_M3
CamB_rotmod,9,0.6897860121945728,6.4758047426192915,4.870253897291731,4.622599702802701,27.368428012351618,25.762877167024058,7.298443726008131,95.76437122627613,94.15882038094857,19.68302223126872,387.42136415661867,387.42136415661867,M0,20.892623269732326,89.28856648365684,382.55111025932695,0.701427601436246,4.6955540889097565,8.174621989554483,19.902115255760357
D564-8_rotmod,6,1.6523899217030598,9.820261635563897,5.403780574020006,0.9883942777683774,8.651282165550182,4.234801104006292,3.4402475632916425,27.713440759851103,23.296959698307212,9.969995663256404,66.267209016901,66.267209016901,M1,1.1689794700137144,17.893179124287208,60.863428442881,1.019735896306114,0.9256936869637992,3.105585481152874,10.036478311235468
D631-7_rotmod,16,2.8723405590173248,18.253418075299816,18.875518596702456,3.792273117681041,28.15946480843378,28.78156532983642,6.458717931963146,93.98596702045319,94.60806754185583,14.10080831530447,321.2605661510073,321.2605661510073,M0,9.906046733133962,75.73254894515338,302.38504755430483,2.8692265198900113,3.826217204843798,6.731922891227441,14.128054404375195
DDO064_rotmod,14,3.5432964917400014,12.53123574724598,12.718441315567407,2.889206241433548,10.037820162378988,10.225025730700416,4.278142657163468,17.347025295445277,17.534230863766705,6.596742355415707,25.78909247515584,25.78909247515584,M1,2.493415584866991,4.815789548199298,13.070651159588433,3.547271557863713,2.963164751821126,4.2541180413872794,6.640944764807918
DDO154_rotmod,12,3.2687740095688795,19.579844700844014,19.21632466708668,3.2072785289704164,19.048847416526183,18.685327382768854,3.427998419212553,26.418434867841317,26.054914834083984,6.768714095954118,61.08732068369063,61.08732068369063,M1,0.5309972843178272,6.838590166997303,41.87099601660395,2.5834621906597035,2.910255151245433,3.137455148728861,6.396566673404536
DDO161_rotmod,31,2.9353808953471088,31.399049959975354,33.83845294037422,2.779697379372378,28.61405419194535,31.053457172344217,4.117486878773768,95.01943793341549,97.45884091381436,22.64652221501521,1605.324229919446,1605.324229919446,M1,2.784995768030001,63.62038797344014,1571.4857769790717,2.8948594434772508,2.782509454280882,4.606506203877214,22.6857738310706
DDO168_rotmod,10,4.109065898864192,23.603135554566798,22.494020026269176,4.041847539492284,23.022651365316175,21.91353583701855,5.114046908530374,39.94823782015644,38.83912229185882,10.210234347942396,110.45048481169941,110.45048481169941,M1,0.5804841892506261,16.345102265589645,87.95646478543023,4.65137737147244,5.144712401003591,5.536466059814712,9.90007868080097
DDO170_rotmod,8,3.8378060345615834,19.492226807926492,17.251109891286166,2.8336589082943036,13.537442496493922,11.296325579853592,3.7022809309282994,24.00076762191214,21.759650705271813,18.19684194565219,294.33338381781954,294.33338381781954,M1,5.954784311432574,4.508540813985647,277.0822739265334,5.482153109400413,2.9973951357759607,3.398896053803836,18.224679251884403
ESO079-G014_rotmod,15,9.697140777182637,80.6157427310101,81.03184313321452,7.329048006477519,48.19365490717909,48.60975530938351,8.364892984247682,69.67809498572072,70.09419538792514,26.422836337799268,561.4145849147209,561.4145849147209,M1,21.48444007854163,-10.937647745289382,480.38274178150635,9.301033529445732,5.983385040041613,7.365186650047237,26.34082890631841
ESO116-G012_rotmod,15,6.67680257870674,67.07423460511501,67.49033500731943,4.695590964470123,35.70116244512761,36.11726284733203,5.519323997018408,55.504884605814986,55.92098500801941,10.307493235116063,147.93823056395175,147.93823056395175,M1,19.80372216068738,-11.569349999300023,80.44789555663232,6.6899478010936715,4.3242162861725175,5.36878674335196,10.169164559717313
ESO444-G084_rotmod,7,3.7948129976086253,15.826760281239475,12.718580579350101,2.669299953517557,11.367323183586826,8.259143481697452,1.9383771540156312,9.501499066747993,6.39331936485862,7.734880243303403,36.671422889028435,36.671422889028435,M2,1.8658241168388319,-6.325261214491482,23.95284230967833,5.333823876704566,2.2558783571550634,1.6119508973329233,6.968324409705343
ESO563-G021_rotmod,30,44.119808010048175,1393.2636107441856,1395.6215610630657,25.186076998035244,457.02878885990424,459.38673917878407,26.64763452771033,520.7046012285509,523.0625515474308,32.91961482039081,773.1930891359696,773.1930891359696,M1,63.67581236864669,-872.5590095156349,-622.4284719270961,43.573545109492834,24.94211427608059,26.097189633838752,32.780141066016725
F561-1_rotmod,6,2.873040674615119,9.733416170778508,5.316935109234619,4.217583267118771,11.735481809166853,7.319000747622962,10.926636737814023,41.191178056678076,36.774696995134185,46.42651810836878,452.6385325700059,452.6385325700059,M0,2.002065638388343,31.457761885899565,447.3215974607713,3.3829036778610124,3.463195250253863,10.78449668011698,44.66073341379556
F563-1_rotmod,17,12.575540370867353,28.800993838365855,29.61027766933543,12.010584845749667,26.69796591650589,27.507249747475463,10.393019591551358,22.113447051445362,22.92273088241494,12.466200091345844,23.52929290590534,23.52929290590534,M2,0.606562023490401,-6.6875467869204925,-6.0809847634300915,12.474238720492082,10.857457072692492,9.216272458471442,12.283409340020416
F563-V1_rotmod,6,3.288458396111315,10.595350069509202,6.178869007965311,1.9055265456047183,8.87144753984102,4.4549664782971305,10.693692532436936,52.511929714670515,48.095448653126624,35.563853225194066,303.5490374935552,303.5490374935552,M1,1.7239025296681803,41.91657964516131,297.3701684855899,3.2196742011222397,1.721098932202029,10.365992959150267,34.762384971227775
F563-V2_rotmod,10,12.28217889333163,18.50445244908943,17.395336920791806,10.628716683705994,15.292554722736057,14.183439194438435,10.094512436304298,14.403374697131927,13.294259168834305,14.158609419678207,16.9967768072047,16.9967768072047,M2,0.88918002560413,-4.101077751957501,-0.39856011358710575,15.408776093417,13.949220324241747,10.419265684867826,15.5187894921682
F565-V2_rotmod,7,3.6474528238130013,8.982313070790411,5.874133368901038,3.574471797766161,8.903779418766703,5.795599716877328,6.30622681183171,13.652008201256994,10.54382849936762,4.086002389896584,2.487654772090951,2.487654772090951,M3,3.307944944786377,4.669695130466582,-3.386478596810087,3.680768273669232,3.9850390946246987,4.297653878104794,3.7290590375961457
F568-1_rotmod,12,9.498966984314647,15.229046089504576,14.865526055747242,9.388299609672197,14.999809973312576,14.636289939555244,9.09571273498915,14.68009799777313,14.316577964015796,16.73836029680614,30.72699911569625,30.72699911569625,M2,0.3197119755394482,-0.5489480917314467,15.861473059949006,9.871061133918602,9.161510226881887,8.875607123059511,16.19226736164986
F568-3_rotmod,18,10.55748306745397,47.08936002196256,48.070103537754896,8.839520346256657,34.44611065794288,35.426854173735215,10.25375056968774,55.65299016562044,56.63373368141277,15.428822018912154,90.31832279893223,90.31832279893223,M1,12.643249364019681,8.563630143657875,42.24821926117733,11.460039065341439,9.514381283705426,10.516269446677049,14.291347689428028
F568-V1_rotmod,15,7.441600770494742,13.028795380915255,13.444895783119676,6.661553333471695,11.433816557878812,11.849916960083231,4.390286727451021,9.02183289602758,9.437933298232,18.007135180191167,47.011802740525965,47.011802740525965,M2,2.411983661851231,-4.006962484887676,33.56690695740629,8.6345960496697,7.9060897387187765,5.196723953360097,17.58299790060365
F571-8_rotmod,13,7.503935996881132,39.80951364505559,39.73941235997866,29.81747121148461,551.6606209112506,551.5905196261737,32.69579241147976,683.4330137773647,683.3629124922878,40.02343607616991,984.5686328562051,984.5686328562051,M0,511.851107266195,643.6235001323091,944.8292204962264,8.421484486205733,29.89925948557443,30.78552277794257,37.312671076486964
F571-V1_rotmod,7,5.2175632839439325,11.124804148932775,8.0166244470434,3.7815767927758723,9.166774570317804,6.05859486842843,5.31718641525953,12.282131175028006,9.173951473138633,13.703598169047257,28.4535928291922,28.4535928291922,M1,1.95802957861497,1.157327026095233,20.436968382148798,6.954819315685083,5.258186630913988,3.7197598141704047,13.215721055010809
F574-1_rotmod,14,7.521150393839169,43.51120134931345,43.69840691763488,6.50729124107756,33.85115580445948,34.038361372780905,5.334817955901089,26.884869947984853,27.07207551630628,10.81668062082748,79.46577652379564,79.46577652379564,M2,6.966285856474624,-16.626331401328596,35.76736960616076,7.630104717895624,7.237743246732071,5.63741584597407,10.364119721464323
F579-V1_rotmod,14,9.782297729717447,17.428130628557458,17.615336196878886,7.922041426955525,13.18205118692126,13.369256755242688,5.529637877513288,12.65186123727933,12.839066805600757,17.157664674993683,37.95351134095103,37.95351134095103,M2,0.5301899496419313,-4.776269391278129,20.338175144072146,11.7005205712343,9.426164564635759,6.219588429141467,16.072221756044463
F583-1_rotmod,25,7.227287973305742,48.329687796293506,50.22198490057536,7.110080840269225,46.92107856713605,48.8133756714179,6.229207455710746,44.602296629879675,46.494593734161526,7.490995498088616,47.037702564948226,47.037702564948226,M2,0.5431088307867,-3.727391166413831,-3.184282335627131,8.13007653100214,7.2321183592565035,6.441189979962365,7.6002987636129635
F583-4_rotmod,12,2.621462834102393,9.03762399756281,8.674103963805475,1.5506358072820392,6.629429613896357,6.2659095801390245,3.0257094174029886,12.121412371494877,11.757892337737545,16.815803120329786,152.42383184562732,152.42383184562732,M1,2.4081943836664506,3.0837883739320695,143.74972788182185,3.095841545601901,1.7341489691756102,2.7533186243641885,17.095963642477784
IC2574_rotmod,34,2.4326666211615477,21.354044884441937,24.019669159480713,2.182721647260287,18.046610865088514,20.71223514012729,5.037006327353408,117.46225196537442,120.12787624041319,20.734603126801996,1232.622223351858,1232.622223351858,M1,3.3074340193534226,96.10820708093247,1208.6025541923773,2.519053980343943,2.261184341344993,5.5026802487004804,20.78758764439963
IC4202_rotmod,32,30.174523013133555,1165.41487845638,1167.932557158531,35.58099863434791,1618.727983899702,1621.245662601853,36.85782379521438,1766.9223190863363,1769.4399977884873,54.91452330483476,3845.2646404380584,3845.2646404380584,M0,453.313105443322,601.5074406299564,2677.3320832795275,30.055478306515205,30.757231218008876,32.69338587920804,53.41433312166889
KK98-251_rotmod,15,2.2231938974655843,13.23765184288036,13.653752245084782,1.3102905044520723,7.861435343428777,8.277535745633198,3.4293573643597814,36.424058449509495,36.840158851713916,12.818249050976663,273.84584788810696,273.84584788810696,M1,5.3762164994515835,23.186406606629134,260.1920956430222,2.407834960726256,1.3338888364319978,3.387798908618638,12.768981239226358
NGC0024_rotmod,29,12.164634088349372,117.44973530169013,119.72278850012461,6.115472716883064,33.01738530664556,35.29043850508005,4.8477355418085795,25.014217966942688,27.287271165377177,6.383525518589278,31.11402352521371,31.11402352521371,M2,3.826752359836533,-92.43551733474743,-88.6087649749109,12.914325212915504,5.878608637759825,4.980352948122208,6.395100908183154
NGC0055_rotmod,21,5.546642752852805,51.95441832947867,53.37679653825885,4.70302310071624,38.66381576255351,40.08619397133369,5.942063435008218,73.45345181265446,74.87583002143464,26.415297673290173,1072.5049225297657,1072.5049225297657,M1,13.290602566925159,21.499033483175786,1019.1281259915069,5.395379055543745,4.659300191987578,5.847927830524769,26.370292933654913
NGC0100_rotmod,21,5.451739332462821,33.63690798783001,35.05928619661019,3.548609440212597,16.941012487685473,18.36339069646565,6.803083327599037,61.93373770193865,63.35611591071883,18.7941531055653,344.2924260543286,344.2924260543286,M1,16.695895500144537,28.29682971410864,309.2331398577184,5.360812908982518,3.8567432500078285,6.817252320660178,18.887308840907075
NGC0247_rotmod,26,3.5115822206545535,23.807844373027503,25.802298318635685,2.912242514194288,17.786331994798665,19.780785940406847,3.2130112247305025,25.328176683962425,27.322630629570607,15.371030439593365,369.5258414103919,369.5258414103919,M1,6.021512378228838,1.520332310934922,343.7235430917562,3.307742315695305,2.8427864020919693,3.4255774369085588,15.308489977551023
NGC0289_rotmod,28,15.929907573290524,182.11312124844034,184.29753026879075,12.192722902099508,108.54359926829748,110.72800828864789,11.528462007718916,107.05004741850463,109.23445643885503,48.602485418560015,1653.5388086918729,1653.5388086918729,M2,1.4935518497928513,-75.06307382993572,1469.2412784230821,16.487258067403538,12.440332600685958,11.602374836982104,48.4138244725981
NGC0300_rotmod,25,4.9324937220794975,35.598407157409454,37.49070426169131,3.6202801257456514,21.273845531941696,23.16614263622355,3.893038047593447,30.41636149497504,32.308658599256894,10.915598370167139,152.07748223951165,152.07748223951165,M1,9.142515963033343,-5.182045662434419,114.58677797782033,4.777638651889526,4.074336685993899,4.054703222671419,10.999632259362397
NGC0801_rotmod,13,24.468970216543262,370.52102782301677,370.45092653793984,27.868251925207428,479.0738482456354,479.0037469605585,30.90039495057643,626.651179479851,626.581078194774,93.16009700541345,5295.453397094271,5295.453397094271,M0,108.55282042261865,256.1301516568342,4925.002470556331,25.85955083660979,26.848302324455744,31.412523473463107,92.89856515543245
NGC0891_rotmod,18,13.038624207213987,229.22090889100033,230.20165240679265,52.417271068142696,3631.808673310773,3632.7894168265652,52.971200789270036,3765.311924099169,3766.2926676149614,87.53399355561696,10114.706034792816,10114.706034792816,M0,3402.5877644197726,3536.0910152081688,9884.504382386023,13.512243720879969,52.09978465255606,52.80974112311573,87.39140905577656
NGC1003_rotmod,36,4.477974237700199,72.71349658215567,75.51689809543153,5.566674995556246,109.98850498442928,112.79190649770514,5.173622619554959,114.10092469970384,116.9043262129797,21.454183415808757,1568.911432434626,1568.911432434626,M0,37.27500840227361,41.38742811754817,1493.3945343391945,4.42995584073511,5.492158514750753,5.1023258377105325,21.448564776189453
NGC1090_rotmod,24,14.130230306694251,337.7138385376443,339.4985176269116,9.541259958277713,156.46622620791908,158.2509052971864,11.839628718129935,269.4064169229825,271.19109601224983,56.25575307616656,5280.381829402086,5280.381829402086,M1,112.94019071506344,-68.30742161466179,4940.883311775174,14.048142239889966,8.086833319017988,10.430446919957234,55.99674148980582
NGC1705_rotmod,14,4.021536441879377,15.70350033925812,15.890705907579548,2.035193629308767,7.8089055675967805,7.996111135918206,1.8381504509978055,13.32673758585726,13.513943154178683,8.53739030619266,47.8286027447359,47.8286027447359,M1,5.517832018260477,-2.3767627534008646,31.937896837156355,4.0203302109271775,2.5276497738443333,2.1039075646257968,8.51330341754356
NGC2366_rotmod,26,4.595155256175817,58.50762332519449,60.50207727080267,3.9811939984531657,45.045199298534015,47.0396532441422,4.435033845458113,70.34090508472136,72.33535903032954,14.328694875085684,524.9199866265216,524.9199866265216,M1,13.462424026660472,11.83328175952687,464.4179093557189,4.561322156523816,3.9828795384435987,4.814878714781457,14.359886561022895
NGC2403_rotmod,73,8.183726127752614,476.0986738454883,480.5081641563565,8.420977586660486,503.85825435249836,508.26774466336656,9.304341381875867,637.7838223664072,642.1933126772755,20.027931374904977,2826.474461986533,2826.474461986533,M0,27.75958050701007,161.68514852091897,2345.9662978301762,8.051398615787278,8.619785916501499,9.323501433600317,20.038414725803403
NGC2683_rotmod,11,32.02898541971926,204.40206197154978,203.69785251714652,16.585702493023387,58.836027215717614,58.13181776131435,19.93829241767711,90.10841246598403,89.40420301158078,52.192080346577725,528.155902536314,528.155902536314,M1,31.272385250266424,-114.29364950556574,324.45805001916744,35.47969205412058,13.37347195267169,18.529062563842047,52.2096355967274
NGC2841_rotmod,50,34.86045679350931,2097.8988146462493,2101.4675415081697,7.657940312607942,105.28768878426818,108.85641564618831,6.064187914158585,67.6120358394668,71.18076270138693,8.61646911571795,127.9072778927661,127.9072778927661,M2,37.675652944801385,-2030.2867788067829,-1973.5602636154035,34.55468786097252,7.8057338374802825,5.873708256526795,8.571422039692592
NGC2903_rotmod,34,25.697706348295867,1725.3443350126604,1728.009959287699,39.94619039200282,4162.842902725908,4165.508527000947,42.13703841938759,4659.359743833046,4662.025368108085,61.509040522377155,9859.599184038912,9859.599184038912,M0,2437.4985677132477,2934.015408820386,8131.589224751213,25.449626587309986,39.83310296579103,42.081404644955896,61.530597760691386
NGC2915_rotmod,30,7.923734526352986,38.84367100348737,41.20162132236724,9.788859996640486,56.943691984243046,59.30164230312291,8.4384541883741,44.419800217931865,46.77775053681173,15.465528068643199,131.04436526242154,131.04436526242154,M0,5.576129214444492,5.576129214444492,89.8427439400543,8.456003105294329,9.70485200430748,8.183745132017728,15.47461177717373
NGC2955_rotmod,24,19.642119885444398,214.06443326285913,215.84911235212644,50.526938795986666,1390.8125736152867,1392.597252704554,51.4503032254275,1459.0085143596477,1460.793193448915,77.23724527807663,3239.264136994254,3239.264136994254,M0,1176.7481403524275,1244.9440810967885,3023.4150246421277,19.610196185646025,49.27688339546869,50.233171072887274,76.34320692244313
NGC2976_rotmod,27,3.175618954369371,27.183216801683365,29.274890533692023,3.400423194429274,30.50841057946991,32.60008431147857,4.791599239583023,73.20940429815549,75.30107803016415,18.698078820380232,786.3969947478474,786.3969947478474,M0,3.325193777786545,46.026187496472126,757.1221042141555,3.3466138046111324,3.373526671747581,4.792304276287611,18.735741623765716
NGC2998_rotmod,13,11.134067844867344,87.61965828032689,87.54955699524996,7.939309428196739,47.107189895744995,47.037088610668064,9.165741989807014,76.36816743707581,76.29806615199888,55.7634335737819,2067.3885048561556,2067.3885048561556,M1,29.260977541330817,-11.251490843251077,1979.8389478609056,11.825832339490834,8.444765265058127,8.161307843012358,55.5267278673625
NGC3109_rotmod,25,2.82099426135829,23.837239073019575,25.72953617730143,2.432148224900551,18.885419016994256,20.777716121276107,4.483775337889054,71.15217199232109,73.04446909660294,4.554021873203734,50.27571106303449,50.27571106303449,M1,4.951820056025323,47.31493291930151,24.546174885733063,2.7902852096792894,2.4305822045406513,4.491500244474167,4.5385940765321
NGC3198_rotmod,43,12.687250730278084,552.8955485415639,556.1179487729511,7.909666852923969,217.52278800693352,220.74518823832065,7.34152607095818,216.40752631997583,219.62992655136296,36.02815903812141,4423.860017973633,4423.860017973633,M2,1.1152616869576946,-336.48802222158815,3867.742069200682,12.8795814231331,7.895882527266243,7.569659361896276,36.02197255125217
NGC3521_rotmod,41,15.733136887802848,106.39595022299658,109.50730488272099,52.78434923851491,1153.3184808413946,1156.429835501119,54.63598066185252,1247.1677558963474,1250.2791105560718,68.35122139917625,1926.6519298544176,1926.6519298544176,M0,1046.922530618398,1140.7718056733509,1817.1446249716967,16.126188231145203,52.64392680805533,54.563877635395315,68.20197120722494
NGC3726_rotmod,12,12.244108835181592,63.97781198538372,63.614291951626385,23.951759509743127,229.74612692655865,229.3826068928013,26.78386844849113,294.07280620262407,293.70928616886675,70.83747069018642,1962.903091881907,1962.903091881907,M0,165.76831494117494,230.09499421724036,1899.2887999302804,13.743213299745785,24.816174366491488,26.989506368783452,70.4915874733152
NGC3741_rotmod,21,1.757446911067279,11.82448738082135,13.246865589601532,1.7250539686516664,11.56305581715271,12.98543402593289,2.0640232924066075,21.947662028263696,23.370040237043874,4.022515517215941,37.4983227657865,37.4983227657865,M1,0.2614315636686424,10.123174647442342,24.251457176184964,1.6682408519163148,1.6305092770965106,1.9284897469291837,3.8371853436669405
NGC3769_rotmod,12,8.832707444922349,29.110322157180445,28.746802123423112,15.084783208627876,74.68346783079886,74.31994779704154,15.402330642999837,89.78887809032418,89.42535805656685,39.923600135847636,485.76761255032915,485.76761255032915,M0,45.57314567361843,60.67855593314374,457.02081042690605,10.084610939349014,12.842644735698721,13.676558030107035,39.23096584194887
NGC3877_rotmod,13,13.750129434664256,75.90688374646666,75.83678246138973,27.27819555938442,283.4783383665403,283.40823708146337,29.10724362710063,333.8707396285205,333.80063834344355,65.91550590096122,1624.8875221140493,1624.8875221140493,M0,207.57145462007364,257.96385588205385,1549.0507396526596,14.564945762664525,26.81754452408149,28.90665194148148,65.49686856817773
NGC3893_rotmod,10,12.095384256677514,32.602591298311204,31.493475770013582,25.791688217004335,127.97407295009964,126.86495742180202,28.723362466212663,165.47873533003755,164.36961980173993,48.7509943082715,436.80846995435377,436.80846995435377,M0,95.37148165178843,132.87614403172634,405.3149941843402,12.510447806248196,21.664948204515248,25.47806806107442,48.21157710262837
NGC3917_rotmod,17,12.555399228660988,173.12629250954137,173.93557634051095,6.112219150398487,44.73586937361993,45.545153204589504,6.599998008021702,57.88166829759083,58.690952128560404,26.900092157624982,772.4155039645069,772.4155039645069,M1,13.1457989239709,-115.24462421195054,598.479927623996,12.611485601095126,6.334177385236912,5.556467828778663,26.814298673412964
NGC3949_rotmod,7,4.645880378798392,9.968047062544263,6.85986736065489,37.81608141374464,203.64720797447347,200.5390282725841,39.79786979361792,230.25921385724226,227.15103415535287,60.75194390053602,507.5222580681367,507.5222580681367,M0,193.6791609119292,220.29116679469797,500.6623907074818,6.900975374946631,35.64891624832988,37.94427753006862,60.927485147720816
NGC3953_rotmod,8,6.859751722985936,15.645296830925034,13.404179914284704,18.753167340089554,75.49606614176875,73.25494922512841,21.2342916305274,97.1690831416255,94.92796622498517,64.78623090938022,824.6496775989857,824.6496775989857,M0,59.85076931084371,81.52378631070047,811.245497684701,7.219894202332665,18.766500071776893,21.450048964355723,65.13688021650057
NGC3972_rotmod,10,6.134710866963594,21.762350684699147,20.65323515640152,5.4881524563134905,18.557886865983928,17.448771337686303,6.9315671064750335,30.016593751608227,28.907478223310605,21.644196411188435,199.76408418854075,199.76408418854075,M1,3.204463818715219,8.254243066909083,179.11084903213924,7.485758521058358,6.3045257924709635,7.200488027462738,21.10471829925398
NGC3992_rotmod,9,21.47969782346633,113.92495215500809,112.31940130968053,4.795787850600769,11.38003940085017,9.774488555522609,6.407766717464435,19.61728699960608,18.01173615427852,44.266139676269965,458.362236756435,458.362236756435,M1,8.23724759875591,-94.307665155402,346.04283544675445,19.779058266899312,5.142565276868881,7.012565764482685,44.014109419203486
NGC4010_rotmod,12,8.714276320127823,37.839422711883465,37.47590267812613,8.91747158220339,39.373018886103765,39.00949885234643,12.028731310395724,76.08644302060064,75.72292298684332,33.368712661922615,476.62956300419387,476.62956300419387,M0,1.5335961742202997,38.24702030871718,439.1536603260677,9.048017532510254,9.225727714157271,12.472263604430161,33.64374497669543
NGC4013_rotmod,36,19.40448517867097,540.7875059307476,543.5909074440234,19.897612330776653,568.3982741016698,571.2016756149457,24.74952012832879,905.4239066431853,908.2273081564612,56.930567969582135,4617.372137414783,4617.372137414783,M0,27.610768170922256,364.63640071243776,4073.7812299707593,19.290903700631617,19.539294339149034,24.545017402159356,56.488343796230936
NGC4051_rotmod,7,9.011500040764256,17.558796428882452,14.45061672699308,28.381410224978804,111.73411828567373,108.62593858378436,31.3134723382705,138.03877815382899,134.9305984519396,71.69281936826131,668.3001492970985,668.3001492970985,M0,94.17532185679129,120.47998172494653,653.8495325701055,10.277792134272,25.435411667198245,28.836900301083073,68.5699145891184
NGC4068_rotmod,6,0.9420157831220333,8.473321454459256,4.056840392915366,2.8635295567153127,12.373641402718695,7.957160341174805,5.788288809072235,33.989630608406564,29.573149546862673,17.274382448410723,159.16401750392865,159.16401750392865,M0,3.9003199482594386,25.516309153947308,155.10717711101327,0.848843920302149,2.7999269797031987,5.324003548248757,17.186488483246375
NGC4085_rotmod,7,9.412218527539224,26.883996949685134,23.77581724779576,31.25324725022507,226.23504591138072,223.12686620949134,33.1010133448257,264.7480023312953,261.63982262940596,57.60457774171331,744.7897294162714,744.7897294162714,M0,199.35104896169557,237.86400538161018,721.0139121684756,10.808673623031956,30.455498932433272,32.69460446044561,57.09043642797676
NGC4088_rotmod,12,14.729435302454712,57.296873171595685,56.93335313783835,50.840299514836126,624.4075756378767,624.0440556041193,52.666907448333966,677.8103199617348,677.4467999279774,98.84636478452889,2340.172859225212,2340.172859225212,M0,567.1107024662809,620.513446790139,2283.2395060873737,13.769339404334255,50.82252524467116,52.74806796892135,98.80186082744007
NGC4100_rotmod,24,16.86119311143444,218.52214591954305,220.30682500881036,9.242858549246852,68.86236560873202,70.64704469799935,9.931971667802506,88.77833887105997,90.5630179603273,38.41630149333262,1110.6270437897133,1110.6270437897133,M1,19.915973262327952,-129.74380704848306,890.3202187809029,16.843978719809424,9.36451928169247,10.103961961009416,38.44591795916891
NGC4138_rotmod,7,28.626389794523092,52.323682316307504,49.21550261441813,15.98811125909408,21.137946998281222,18.02976729639185,18.745347513111025,26.785652812201032,23.67747311031166,40.859859886630204,92.33912857810826,92.33912857810826,M1,5.64770581391981,-25.53802950410647,43.12362596369013,29.33038615495142,13.771352794035835,13.252452813371509,41.51003264588419
NGC4157_rotmod,17,16.03923601399549,79.5916128181066,80.40089664907617,33.08374686678764,322.82482514946946,323.63410898043907,35.74945313346802,379.67617067990346,380.48545451087307,75.36102724188282,1649.8604887826148,1649.8604887826148,M0,243.2332123313629,300.0845578617969,1569.4595921335385,15.624166598120661,33.21429987885031,35.93517396269372,75.57643653135673
NGC4183_rotmod,23,7.354827407380772,44.88514090564806,46.556129337506356,2.86446198336908,10.710630746585354,12.381619178443653,2.522933614832899,10.721171541191506,12.392159973049806,25.592115925787922,487.7668758284895,487.7668758284895,M1,0.010540794606152204,-34.16396936445655,441.2107464909831,7.217575193745546,3.0230643907351173,2.8916395796395755,25.57126143119422
NGC4214_rotmod,14,2.4755110410496965,7.460104839390705,7.647310407712132,4.615150388868514,13.325516984177728,13.512722552499152,4.75322384033018,13.893457717848893,14.080663286170317,6.683375334396361,17.26882992657657,17.26882992657657,M0,5.865412144787021,6.4333528784581855,9.621519518864437,2.631852977859322,5.187929502542295,3.908226698989459,6.396428674396125
NGC4217_rotmod,19,19.24513111574808,156.16402006773342,157.3028980260663,62.44312552675461,1598.7694191267233,1599.9082970850561,63.16652205934196,1652.9831357966464,1654.1220137549792,87.97867049514916,3164.3107833379922,3164.3107833379922,M0,1442.6053990589899,1496.819115728913,3007.0078853119257,19.132136176065053,62.47980407169621,63.32519092720717,88.13073307473988
NGC4389_rotmod,6,2.5295615411765215,8.90350800646224,4.487026944918348,58.261230193295866,487.29269194825486,482.87621088671096,60.27894003916166,532.8886292312782,528.4721481697343,82.98079358951163,972.2919135048088,972.2919135048088,M0,478.3891839417926,523.9851212248159,967.8048865598904,3.133080663820211,59.52052813747853,61.589889644746776,84.68377475675621
NGC4559_rotmod,32,5.5714199141504706,46.602763604321204,49.12044230647238,8.32317481039305,98.5691807562509,101.08685945840209,10.036759160246474,173.8046297572314,176.32230845938255,42.753315519997464,2484.315467366251,2484.315467366251,M0,51.96641715192971,127.20186615291018,2435.195025059779,5.319048260487964,8.495376046323722,10.479546126964145,42.75376993313271
NGC5005_rotmod,18,7.037217809263685,7.77788526999908,8.758628785791409,64.66309402049129,256.2310664145825,257.21180993037484,66.12449284535965,268.9514124222436,269.9321559380359,82.08138697150814,405.13088057008775,405.13088057008775,M0,248.45318114458343,261.1735271522445,396.37225178429634,6.866797925392028,63.15582940772755,64.63873539465598,81.64800804778842
NGC5033_rotmod,22,21.157366239856554,786.4759067112171,788.0264126705654,16.08703093741539,456.6424459540822,458.19295191343036,14.984222505364231,401.2841199644144,402.8346259237626,36.80562241563561,2366.058154761845,2366.058154761845,M2,55.358325989667776,-385.1917867468028,1578.0317420912795,21.072210789964437,15.985955310092745,14.7329744439741,36.6421796503574
NGC5055_rotmod,28,26.78978908829303,1671.252673383432,1673.4370824037824,52.88852155409082,6500.698687287329,6502.883096307681,55.365218817338935,7157.604859587235,7159.789268607587,89.6976880583982,18685.308874892726,18685.308874892726,M0,4829.446013903898,5486.352186203804,17011.871792488942,27.175450234653418,53.16420359503685,55.489331161078915,89.85610071942442
NGC5371_rotmod,19,21.271251424373734,693.3116337280427,694.4505116863755,39.81884698713704,2417.620973691809,2418.759851650142,41.067664363892426,2607.838559791653,2608.977437749986,112.45989975729151,19246.51589141353,19246.51589141353,M0,1724.3093399637664,1914.5269260636105,18552.065379727155,21.249934378737375,39.7401234345298,41.09181985842863,112.4334373946067
NGC5585_rotmod,24,5.3564403903844395,76.70999944169141,78.49467853095874,7.455952386100891,144.34376787201552,146.12844696128283,9.128822598336477,242.5162710336765,244.30095012294382,19.626700864584873,968.5222194683713,968.5222194683713,M0,67.6337684303241,165.80627159198508,890.0275409374126,5.655018375964547,7.958090669361404,9.374497445458804,19.71894482209321
NGC5907_rotmod,19,17.924627531797974,494.2690116132088,495.4078895715417,6.394105141688176,67.04150590285207,68.18038386118495,8.375263496286495,138.47439106251218,139.61326902084505,57.378371568074456,5016.094625014823,5016.094625014823,M1,71.4328851596601,-355.79462055069666,4520.686735443281,18.242967749844546,5.126600800783331,8.07982369180629,57.44426770798289
NGC5985_rotmod,33,11.601721209684495,185.86751207918363,188.4605272021166,10.096397098336977,141.83168824802073,144.4247033709537,10.78075382170893,181.75325660884766,184.34627173178063,22.2593358107303,668.0030381080788,668.0030381080788,M1,39.92156836082694,-4.114255470335962,479.5425109059622,11.038182841792239,10.010547261998004,11.324927460251928,21.79176570685957
NGC6015_rotmod,44,17.043530873586977,977.3983514486162,980.6740477896235,7.771642312745434,206.62556481426145,209.9012611552687,7.783884910251819,222.15744482758876,225.43314116859602,25.042415345339464,2100.8414994975838,2100.8414994975838,M1,15.53188001332731,-755.2409066210275,1120.1674517079603,17.280171275339544,7.707693033049743,7.619044255128824,25.033997150531025
NGC6195_rotmod,23,18.43396799206749,247.9015599854367,249.57254841729502,43.496041909068474,1359.186404014329,1360.8573924461873,44.447543075219365,1443.8184724637224,1445.4894608955808,85.60893520987483,5247.415166472521,5247.415166472521,M0,1111.2848440288922,1195.9169124782857,4997.842618055226,15.786262065592322,44.74631298765577,45.68007513644442,86.77427142658443
NGC6503_rotmod,31,7.812040454962264,194.9884267070435,197.42782968744237,10.37299389522458,340.40645626759056,342.8458592479894,9.920029876092324,328.98964160852483,331.42904458892366,25.447927457015982,2022.121669525193,2022.121669525193,M0,134.0012149014813,134.0012149014813,1824.6938398377506,7.763274791757084,9.792278874432942,8.981270969548836,25.169917483302015
NGC6674_rotmod,15,21.960760913163977,550.0189179526476,550.435018354852,5.010351234099172,33.36959611524004,33.785696517444464,6.087960444813846,53.860349939795185,54.276450341999606,36.69096487075166,1521.3707942959686,1521.3707942959686,M1,20.490753824555142,-496.15856801285236,970.9357759411166,21.855472514037984,5.188428966598856,5.721699301514535,36.722170221026225
NGC6946_rotmod,58,9.81218185111457,324.30636038840913,328.20906459132016,26.52554221538403,2343.4162606500518,2347.318964852963,27.125155039360248,2506.8071931707054,2510.7098973736165,62.0147709398762,12785.824708705766,12785.824708705766,M0,2019.1099002616427,2182.500832782296,12457.615644114447,9.853176168572864,26.605794156397213,27.208321223730202,62.177826247273366
NGC7331_rotmod,36,17.610555272737443,721.0663181077546,723.8697196210304,49.17917596465363,5593.637953750512,5596.441355263788,50.33190303666082,5907.596140116253,5910.399541629529,93.16959084626254,20060.479356705157,20060.479356705157,M0,4872.571635642757,5186.529822008499,19336.609637084126,17.574674003571282,49.09108790308137,50.33206655545435,93.15690193524293
NGC7793_rotmod,46,10.920325212489379,145.6260271620004,149.00424018753674,7.080413864719399,63.69906436031557,67.0772773858519,8.609503762765193,102.67832355159112,106.05653657712746,22.815067793031798,616.9626132748438,616.9626132748438,M1,38.97925919127556,-42.94770361040928,467.958373087307,11.239748034482357,7.257635639582986,8.853280165155422,22.76068521811609
NGC7814_rotmod,18,16.36889576556301,278.04153654541864,279.02228006121095,11.943598559220368,150.27164435101906,151.25238786681138,12.694324077370284,178.9352114649501,179.9159549807424,19.8966487889647,403.7084320456458,403.7084320456458,M1,28.663567113931038,-99.10632508046854,124.68615198443484,16.186832513664804,11.83187862305089,12.563392392047687,19.870158835613246
PGC51017_rotmod,6,2.657242138316007,12.328802046144204,7.9123209846003135,3.9863971632431197,17.742414313657214,13.325933252113323,8.428145720852934,88.04522296799345,83.62874190644956,27.03776486759788,448.17439239302394,448.17439239302394,M0,5.41361226751301,75.71642092184925,440.2620714084236,2.298802735170786,3.7080095632906165,9.289679400574752,26.8815401379563
UGC00128_rotmod,22,5.13841860694884,60.08675756783689,61.637263527185105,3.714823496633028,33.61565848873507,35.166164448083286,2.9433199705034365,23.551762818691873,25.102268778040084,17.79025630963982,664.7334837447745,664.7334837447745,M2,10.063895670043202,-36.53499474914502,603.0962202175893,5.087945354044998,3.5624516303764273,2.790676190093879,17.802084314582235
UGC00191_rotmod,9,5.772137814194465,36.207934617755306,34.60238377242774,4.104599916422084,21.27528469632891,19.66973385100135,3.539615871953368,18.357825166543165,16.7522743212156,10.63129838759026,102.47555156808787,102.47555156808787,M2,2.9174595297857486,-17.85010945121214,67.87316779566012,7.665698588966248,4.223315676713703,3.3794527369842506,8.813858475385857
UGC00731_rotmod,12,2.618135061267088,14.017752711886834,13.6542326781295,2.991512948638391,16.671385959289967,16.307865925532635,1.3562460561042815,7.816668454114256,7.453148420356925,10.227115726419742,132.5143879567209,132.5143879567209,M2,6.201084257772575,-6.201084257772575,118.86015527859139,2.076730155225038,2.2970137708651395,1.0209425886145407,10.052948352966055
UGC01230_rotmod,11,18.361520233191314,35.939294594135234,35.23508513973198,14.459347437386,24.376205612492164,23.671996158088906,9.903814033776742,14.454742789440031,13.750533335036772,24.022133109541645,52.1003272192858,52.1003272192858,M2,9.921462823052133,-21.484551804695208,16.865242079553823,19.3247653608055,15.691330733914413,10.146042474621076,21.38491846632674
UGC01281_rotmod,25,4.009763900630222,24.452163462746398,26.344460567028253,3.4758756275805087,19.504032857802535,21.39632996208439,5.707041610845094,54.48244967393471,56.37474677821656,8.174267184552168,82.72933260528707,82.72933260528707,M1,4.948130604943863,30.030286211188308,56.38487203825882,3.836916425200527,3.491968070092672,5.702615247741723,8.165522268878995
UGC02259_rotmod,8,2.759993891021992,12.983732792779758,10.742615876139428,1.7734642890706862,9.118321689427535,6.877204772787206,1.8648923400630233,12.415652049455446,10.174535132815116,5.709000609392426,28.169305086382494,28.169305086382494,M1,3.2973303600279102,-0.5680807433243125,17.426689210243065,2.173870003318791,2.4624769911369455,2.137658762368101,4.1832243093355626
UGC02455_rotmod,8,2.5782317072534284,10.413572476927262,8.172455560286933,35.38551903272494,762.4288354156135,760.1877184989733,36.874158396996144,863.8749659550825,861.6338490384422,59.27622271738035,2121.52552810076,2121.52552810076,M0,752.0152629386863,853.4613934781553,2113.353072540473,2.742079789167677,36.369382037930265,37.90896150132276,60.712232132208825
UGC02487_rotmod,17,32.261245465523864,1003.9898157263606,1004.7990995573301,8.32048514204223,71.31681596748,72.12609979844957,6.959635831296377,52.2463450303736,53.05562886134317,9.242096692993004,81.99774663691707,81.99774663691707,M2,19.0704709371064,-951.743470695987,-922.801352920413,32.61259199281383,8.762329355383528,7.280964397422165,9.18284689157056
UGC02885_rotmod,19,23.66873454172256,111.18970901324087,112.32858697157376,12.230477421939911,33.171069814030574,34.30994777236345,15.479753711403406,72.28842759425046,73.42730555258335,50.43679379687218,483.33533201655877,483.33533201655877,M1,39.1173577802199,-38.90128141899041,371.006745044985,18.936273044182663,10.793298900917367,16.612814484011476,50.480344212937
UGC02916_rotmod,43,13.718242682630654,431.7613794924666,434.9837797238537,44.92237148807508,4588.095879900418,4591.318280131805,45.3998751902212,4742.500941046462,4745.723341277849,68.50040846580626,10658.258332850128,10658.258332850128,M0,4156.334500407952,4310.739561553995,10223.274553126274,13.730665701384737,44.624313477676566,45.1090623536527,68.47871649820522
UGC02953_rotmod,115,40.04181124583743,10185.51313094504,10190.895852344624,26.995543004808894,4631.79931394404,4637.182035343623,29.173490405599626,5429.806072058442,5435.188793458025,46.338387379010676,13635.220297997734,13635.220297997734,M1,798.0067581144021,-4755.707058886598,3444.32444565311,40.03026268361181,27.04188620330776,29.133469567940637,46.322957873053674
UGC03205_rotmod,48,21.105228258493728,807.9422046085924,811.4179399637416,9.708764977138802,174.33702188105465,177.81275723620377,10.635001993095452,231.58833774275675,235.06407309790586,36.22982991352752,2368.2810115498405,2368.2810115498405,M1,57.251315861702096,-576.3538668658357,1556.863071586099,21.363813115373322,10.08427829744545,10.734351665840963,35.473776818870945
UGC03546_rotmod,30,16.662704202283553,342.51256242976973,344.87051274864956,23.048084086935777,651.2636488332466,653.6215991521265,25.005088049534507,795.3758961838836,797.7338465027634,56.33887753621534,3864.823156434128,3864.823156434128,M0,308.7510864034769,452.86333375411385,3519.9526436854785,15.97832540138883,22.115704433919337,24.137907311450054,56.17092520902146
UGC03580_rotmod,47,4.630229696172036,77.64064927167381,81.06821720236665,31.30245534761559,3357.4611351484587,3360.888703079151,33.38612452144062,3848.3401715600367,3851.767739490729,47.96238188488461,7872.318056172865,7872.318056172865,M0,3279.8204858767845,3770.6995222883625,7791.249838970499,4.63855501768065,31.430664559106646,33.491122853266106,48.0232646911996
UGC04278_rotmod,25,3.3750265880630317,17.855806276599395,19.74810338088125,2.981071796034375,14.929821019969976,16.822118124251833,7.244724216417401,76.32158252106649,78.21387962534834,10.666525807448684,132.94778679441123,132.94778679441123,M1,2.925985256629417,58.465776244467094,113.19968341352998,3.308253336355372,2.6680405686775885,7.325774087438747,10.673382061367857
UGC04305_rotmod,22,5.234359134541334,55.85964533003711,57.410151289385325,5.260560243125329,56.3737833300836,57.92428928943181,8.041149690358427,181.9690112890842,183.5195172484324,35.55733370156723,2363.9555456262133,2363.9555456262133,M0,0.5141380000464864,126.10936595904708,2306.545394336828,5.57286655626266,5.306534282622797,8.050083195263335,35.649100006989855
UGC04325_rotmod,8,7.143196515581807,50.20966332109176,47.96854640445143,5.479143793453558,32.175679062356856,29.93456214571653,3.996075353826393,24.629625750869216,22.38850883422889,8.03427697099533,55.4215053900233,55.4215053900233,M2,7.54605331148764,-25.58003757022254,7.452958985571868,9.536219881951398,7.079715007690842,4.108535924650676,6.448345714553875
UGC04483_rotmod,8,2.3946254107176133,11.497094095692887,9.255977179052557,1.8175823053828555,9.33653816608076,7.095421249440433,1.6012785833703669,14.140155836854126,11.899038920213798,7.05069148976752,44.18866709678234,44.18866709678234,M1,2.1605559296121246,2.6430617411612403,34.93268991772978,3.107287777810974,2.311825458989071,1.9195715697239268,7.005434453003863
UGC04499_rotmod,9,4.055159480158883,21.57129762566396,19.9657467803364,3.542103873713637,17.880412340195782,16.274861494868222,4.069280765491643,25.542058735795656,23.936507890468096,17.42080703091643,287.37267369655035,287.37267369655035,M1,3.690885285468177,3.970761110131697,267.40692691621393,5.153084540836799,3.498939500125528,3.1010537487632996,17.32434233188922
UGC05005_rotmod,11,6.3775723292129864,10.074937385520172,9.370727931116914,5.176303829772854,8.513796254588367,7.80958680018511,10.428664614770588,26.550280309553614,25.846070855150355,25.864913793279637,75.24825611803699,75.24825611803699,M1,1.5611411309318042,16.47534292403344,65.87752818692007,5.401408461640534,5.908003085016873,12.022024951639262,25.522382890324728
UGC05253_rotmod,73,29.450687744890338,3933.4134993618777,3937.822989672746,35.358620851833244,5667.9796255570745,5672.389115867943,37.009541920377345,6236.568952206381,6240.978442517249,53.05835421767207,12753.384483734108,12753.384483734108,M0,1734.5661261951964,2303.155452844503,8815.561494061361,29.17875959814553,35.525122333432336,36.97898586450354,52.915631080037315
UGC05414_rotmod,6,2.5716336021967345,12.408866255964902,7.992385194421011,1.4617956433447303,9.424564335267757,5.008083273723866,4.23683533832934,25.38405310775383,20.967572046209938,16.464442207742266,180.7185714747234,180.7185714747234,M1,2.9843019206971455,12.975186851788926,172.7261862803024,2.8917592959586917,1.9473025199093486,4.2506997178656345,16.703611039758155
UGC05716_rotmod,12,2.5523155021404933,13.690472922299131,13.326952888541797,2.5409219359542914,13.616026721063944,13.25250668730661,1.4716291331779237,10.222057613811733,9.8585375800544,7.558406709752382,73.29079859940039,73.29079859940039,M2,3.393969107252211,-3.4684153084873977,59.96384571085859,2.403434159276093,2.63270868656304,2.0822232921512347,7.480662603857762
UGC05721_rotmod,23,8.990871021227562,86.65927829790888,88.33026672976719,7.623901683725946,63.60363016811389,65.27461859997219,5.346367627987607,37.361268567610196,39.032256999468494,10.082284254071315,103.1910503591919,103.1910503591919,M2,26.242361600503692,-49.298009730298695,14.860783629424716,8.986576466826715,7.805107666137916,5.388886226813662,10.041108038544433
UGC05750_rotmod,11,7.361566250492034,19.5685402586956,18.864330804292344,5.386944583465742,13.033444684432732,12.329235230029473,7.6811312903460625,26.233350530471245,25.529141076067987,19.465345998674888,98.36324404653061,98.36324404653061,M1,6.53509557426287,6.664810271775643,79.49891324223827,8.346630440942027,6.097415115700679,8.281592278140852,20.759483955142507
UGC05764_rotmod,10,5.126361172521011,34.91381779332015,33.80470226502253,4.468026303985964,27.895684662186238,26.786569133888612,3.4258811962413747,19.957069341855718,18.847953813558092,6.630336801610319,48.84596233643129,48.84596233643129,M2,7.93861532033052,-14.956748451464435,15.041260071408765,6.5022926405346055,4.79374779015234,3.848267154251404,6.5728461207314535
UGC05829_rotmod,11,1.3806968783665954,6.319008364809788,5.614798910406529,1.5014158150310348,6.468486616955365,5.764277162552107,3.634015092959726,14.467559406863241,13.763349952459983,12.30075527388635,65.00626409522381,65.00626409522381,M0,0.14947825214557753,8.148551042053453,59.391465184817285,1.2637999305860055,1.311598261279855,3.7392663999326103,12.209713298149177
UGC05918_rotmod,8,1.8912864374654514,8.252761436352847,6.011644519712517,1.8740589976171251,8.219162119042378,5.97804520240205,1.966338536682624,8.61417370628604,6.373056789645711,7.799691077204026,31.510818923950875,31.510818923950875,M1,0.03359931731046739,0.36141226993319364,25.49917440423836,1.7707487873913563,2.6697385557813638,1.5157191404250565,7.6555925857553335
UGC05986_rotmod,15,10.532064612161061,151.93773109013765,152.35383149234207,6.329982381819414,58.07760308704953,58.49370348925395,6.393441413340204,63.389634814418905,63.805735216623326,7.675619199923007,78.0428536476658,78.0428536476658,M1,5.312031727369373,-88.54809627571873,-74.31097784467627,10.957388033457798,6.449454177272434,6.13821409344131,7.343314374537718
UGC06399_rotmod,9,4.90931120289102,15.602112321237964,13.996561475910404,3.1937308080275284,10.063705915457911,8.45815507013035,4.280630441365349,14.026719081244329,12.421168235916767,9.16255597670336,33.44713611203011,33.44713611203011,M1,3.9630131657864176,-1.5753932399936375,19.450574636119704,5.52646389773622,3.4561660052982432,3.532965979841097,9.110243198151862
UGC06446_rotmod,17,3.281373164329425,14.016127417685432,14.825411248655007,3.2747488653427195,13.979185193678125,14.7884690246477,2.2587475444877883,9.2098727094633,10.019156540432874,4.198751294142931,14.996032890224887,14.996032890224887,M2,4.769312484214826,-4.8062547082221325,0.17062164156988047,3.289812643062787,3.39765019890811,2.4853570634192756,4.1043611412220224
UGC06614_rotmod,13,8.566628641716672,13.604159162598608,13.534057877521683,24.95844563206633,76.53611544072271,76.46601415564578,32.963869294022984,146.92258532248786,146.85248403741096,67.41220082772509,520.4169088441581,520.4169088441581,M0,62.9319562781241,133.31842615988927,506.88285096663645,8.491942559245526,27.20106808696709,34.520968868696826,68.22192590040454
UGC06628_rotmod,7,2.498907272760821,7.639127203335412,4.530947501446038,8.083830287160318,13.68838702235573,10.580207320466357,15.874299680991351,38.25243641327408,35.14425671138471,45.21963292061348,209.2864377782666,209.2864377782666,M0,6.049259819020319,30.613309209938677,204.75549027682055,3.4765577049555363,7.123450282793921,16.123245436171537,44.50106064031261
UGC06667_rotmod,9,4.660048380882571,23.385873765661387,21.780322920333827,4.067586802947593,19.246139671579428,17.640588826251864,3.4019957403961247,17.12614385523937,15.52059300991181,12.291463170675065,120.95472523244634,120.95472523244634,M2,2.1199958163400545,-6.259729910422017,99.1744023121125,6.402674807932347,4.760828629537896,4.876453976990303,12.441445931287396
UGC06786_rotmod,45,10.719468530063246,292.1195007729587,295.4471114667851,10.984970203054845,306.554311223673,309.88192191749937,10.79018743511236,305.55428907458776,308.88189976841414,18.15859881454864,825.9617410488969,825.9617410488969,M0,13.434788301629055,13.434788301629055,530.5146295821119,11.407678497538246,11.030715101656533,10.749768274339226,18.024179060515287
UGC06787_rotmod,71,19.01294459336111,1625.13271569614,1629.4816048619873,21.068846729204378,1994.6392196601569,1998.9881088260042,22.609108103373817,2305.931664865108,2310.2805540309555,29.626424033881293,3935.781642369164,3935.781642369164,M0,369.50650396401693,680.7989491689682,2306.3000375071765,19.019354900739415,21.19981334452815,22.451073174926258,29.634103868494968
UGC06818_rotmod,8,4.320145241584243,12.30390855553227,10.062791638891941,7.49378618539813,24.16419457694931,21.923077660308984,12.903638047887213,64.4873500516111,62.24623313497077,25.1731074493425,200.45485789211392,200.45485789211392,M0,11.860286021417043,52.18344149607883,190.39206625322197,4.876334166843789,7.1221729022011235,12.290769367474606,23.99268064375933
UGC06917_rotmod,11,4.058468237113339,16.774401884775084,16.070192430371826,4.280447593108342,18.04144497867918,17.337235524275926,4.515305964632025,23.269854400045244,22.565644945641985,15.433593032818003,163.04342773483037,163.04342773483037,M0,1.2670430939040997,6.495452515270159,146.97323530445854,4.54560797339572,4.480021644919748,3.7449763991399116,15.114838926355088
UGC06923_rotmod,6,4.046734117601807,11.804164005707271,7.387682944163381,5.411737246810562,14.803357536001709,10.38687647445782,7.480415819373818,21.90992165779565,17.493440596251762,21.184232447433843,104.2498302658233,104.2498302658233,M0,2.9991935302944386,10.105757652088382,96.86214732165992,5.866423782612077,5.904693072444213,6.40629964202474,21.560691204049544
UGC06930_rotmod,10,5.443536244288365,13.526848664699854,12.417733136402234,4.187382377725749,10.337207374587582,9.22809184628996,3.5915494207131267,9.84160654141265,8.732491013115029,24.313435801125145,155.8561561409022,155.8561561409022,M2,0.4956008331749313,-3.685242123287205,143.43842300449995,5.6365936821039675,4.7281322879651295,3.1750229940862,24.24779064768904
UGC06973_rotmod,9,7.04621060221221,23.359697443624764,21.754146598297204,100.2676473338552,3521.2204192129175,3519.61486836759,100.92103562131126,3591.90226351576,3590.2967126704325,117.36355556354592,4816.121435699614,4816.121435699614,M0,3497.860721769293,3568.5425660721353,4794.3672891013175,8.053266125421706,89.87167956403324,90.79898456005124,110.75633283457049
UGC06983_rotmod,17,5.104337633242508,21.385623893241966,22.19490772421154,5.347691036054713,22.99921009779188,23.808493928761457,4.265098324473996,16.4002331988699,17.209517029839475,9.187342839089302,53.54685923057927,53.54685923057927,M2,4.9853906943720645,-4.9853906943720645,31.351951506367733,4.958375796472802,5.274697787128302,3.504392933298886,8.953587435940673
UGC07089_rotmod,12,2.352728524939363,8.230140909075192,7.866620875317858,1.7600732649087347,6.954536726029204,6.591016692271872,6.658973486907084,35.09320871338903,34.7296886796317,28.247134511642766,417.565690736038,417.565690736038,M1,1.2756041830459868,26.863067804313843,409.69906986072016,2.152071416157874,1.5434543776186893,7.428313275173116,28.69646973900361
UGC07125_rotmod,13,3.3686143606168732,20.52244439802438,20.452343112947453,3.0666194624819703,17.898289902875717,17.82818861779879,4.187735416780719,38.79799347299228,38.72789218791535,38.96698346157824,2050.3076729279105,2050.3076729279105,M1,2.6241544951486624,18.2755490749679,2029.8553298149632,3.5917533667365893,2.9561180128438806,3.923188102891981,39.087343919441786
UGC07151_rotmod,11,5.5597988370878575,41.71110359302195,41.00689413861869,3.2847015855642816,18.139079465717636,17.43487001131438,3.228623444219262,20.33610249461591,19.631893040212653,16.266488481138364,309.9639767324324,309.9639767324324,M1,2.197023028898272,-21.375001098406038,268.9570825938137,6.761566877266072,3.8694773185593085,2.951212416941246,16.1303642313881
UGC07261_rotmod,7,2.4457581096870933,8.307049941867838,5.198870239978464,2.3644119386941447,8.221550609661621,5.113370907772247,3.111584257193633,9.119434752601611,6.011255050712238,13.707383179732735,41.055777805071216,41.055777805071216,M1,0.08549933220621675,0.8123848107337741,35.856907565092754,3.4780146666580825,3.520896006018809,3.3890539555929955,14.042375351354341
UGC07323_rotmod,10,2.010771018256381,8.413909860711078,7.304794332413456,2.1776776944933527,8.88068205871873,7.771566530421108,5.713151106855853,31.700748263559753,30.59163273526213,23.7770316564491,377.47947465215276,377.47947465215276,M0,0.4667721980076518,23.286838402848673,370.1746803197393,2.480819934446395,2.051237916402937,5.6543848663992025,23.61505635026738
UGC07399_rotmod,10,4.805336415526281,25.89425935781617,24.785143829518546,4.449514386221084,23.016362309432495,21.907246781134873,3.1961875707025404,16.536077510502615,15.426961982204991,17.780240677502224,276.2792513488316,276.2792513488316,M2,6.4802847989298815,-9.358181847313555,251.49410751931308,6.531887100339486,5.593470786698074,3.5156781787635807,17.8740472402885
UGC07524_rotmod,31,3.6166882217462994,39.384176409712715,41.823579390111576,3.665545545376174,40.33497596151467,42.77437894191353,3.2032771328575067,37.6455773132491,40.08498029364796,15.202503815526448,617.6250775735938,617.6250775735938,M2,1.7385990964636164,-1.7385990964636164,575.8014981834822,3.3435402808339347,3.384949462986879,3.050368953943484,15.044664319936667
UGC07559_rotmod,7,1.7708778999641261,9.104118678034821,5.995938976145447,1.499313303004668,8.50826545485602,5.400085752966646,3.918378114863237,25.420609720652465,22.31243001876309,14.757057708372198,146.1142410506754,146.1142410506754,M1,0.5958532231788007,16.316491042617645,140.11830207452994,1.5486773535791276,1.6222544578480371,3.3500331247092974,14.660046310196995
UGC07577_rotmod,9,0.4193792971239325,6.157520818567751,4.55196997324019,1.7636241360953349,8.78571095749407,7.180160112166508,6.308233935552435,66.35926893695834,64.75371809163079,16.746987163476845,251.18711615031734,251.18711615031734,M0,2.6281901389263176,60.2017481183906,246.63514617707716,0.44430423900002564,1.7034738659359028,6.420431324056682,16.888539863007377
UGC07603_rotmod,12,4.630289113120326,33.91943636144082,33.55591632768349,3.8051248105734827,24.638633098722515,24.275113064965183,3.7331135828612765,26.37883369043805,26.015313656680718,5.506226507879778,40.424707141437246,40.424707141437246,M1,1.740200591715535,-7.540602671002773,6.868790813753755,3.878622445005269,3.6678332252354027,3.338120443323318,4.81663538580586
UGC07608_rotmod,8,3.597010276625361,8.712709629328463,6.4715927126881345,3.3006193778825303,8.347281068306426,6.106164151666098,5.222311253003038,12.980144197205256,10.739027280564926,5.06168283861498,4.579600663816444,4.579600663816444,M3,1.5265634878496543,4.2674345678767915,-1.8919920488716908,4.385445194156185,3.409689186136709,4.035085783151282,4.612102758641911
UGC07690_rotmod,7,4.226588802382384,13.731680510493007,10.623500808603632,2.697662954584452,9.742324703019538,6.634145001130163,2.6657089831029133,9.798798787319305,6.690619085429931,15.06645134412539,85.53925165854427,85.53925165854427,M1,0.056474084299767746,-3.9328817231737014,74.91575084994064,3.6525051163026503,3.0536258197119834,1.9052258346770254,14.854344704153423
UGC07866_rotmod,7,1.417874949606719,7.849542442698464,4.741362740809091,0.7963315651601687,7.26797672981383,4.159797027924456,2.478659327894427,15.057190406418734,11.94901070452936,12.525959249792121,66.30269943628815,66.30269943628815,M1,0.5815657128846352,7.2076479637202695,61.561336695479056,1.2283398371917695,0.8001474357408739,2.7134570586259117,12.740588922906166
UGC08286_rotmod,17,6.700570107754601,88.27351426640438,89.08279809737395,4.927184832112519,49.962226385540525,50.7715102165101,3.596547708123405,29.06971692490472,29.879000755874294,3.757735307448746,26.234944750215757,26.234944750215757,M3,3.6440560056585376,-59.20379734149966,-62.84785334715819,6.349136135253318,5.050924328744714,3.4474677947945063,3.5244233446699633
UGC08490_rotmod,30,5.42149138084722,69.20432897658073,71.5622792954606,3.601771420753086,33.02698430685814,35.384934625738005,1.5971268089410144,11.757003194568727,14.114953513448592,1.80416846248974,7.171709610775316,7.171709610775316,M3,6.9432439026732755,-57.44732578201201,-64.39056968468529,5.626172778305518,3.552051434690381,1.676829079391511,1.7655134729778446
UGC08550_rotmod,11,3.4666260855959425,20.188051176741862,19.483841722338603,2.0521670094391182,10.647253753437026,9.943044299033767,1.5594480831977182,8.81545320856723,8.111243754163972,4.518737197415034,24.956538272480564,24.956538272480564,M2,1.831800544869795,-11.372597968174631,5.472696550141961,3.5197627136799747,1.49185093965155,1.5671815132063507,4.2519647703206305
UGC08699_rotmod,41,22.08627227231668,931.0170972167009,934.1284518764254,14.83998658359947,422.68715164974344,425.7985063094678,16.049315745868117,516.5789163971995,519.690271056924,30.294141477293152,1743.4609763487622,1743.4609763487622,M1,93.89176474745614,-414.43818081950144,809.3325244723368,22.69969810151228,14.688825051367207,15.833246870732173,30.287358779994257
UGC08837_rotmod,8,2.022404918308092,9.896970857521465,7.655853940881136,2.7792960415416226,13.004278899371133,10.763161982730804,6.070619437891523,54.974785480505496,52.733668563865166,21.61546362113031,399.470669538203,399.470669538203,M0,3.1073080418496675,45.07781462298403,391.8148155973219,1.9182061489222229,2.464464314506435,6.1993587348457835,22.023196528034514
UGC09037_rotmod,22,8.351201816776626,54.29904034482535,55.849546304173565,33.31913617148238,795.2400650832782,796.7905710426264,34.68982239472834,886.3454366201465,887.8959425794948,75.44855839078903,4053.9267470839127,4053.9267470839127,M0,740.9410247384528,832.0463962753212,3998.077200779739,8.647444316856332,31.831342422155025,33.36376817532685,75.05700499475022
UGC09133_rotmod,68,49.83648456863061,10017.020217719968,10021.274617745707,29.42985600156064,3495.8977786508426,3500.1521786765793,28.979665951014898,3415.8182386131384,3420.072638638875,63.13796695732185,16071.021158849953,16071.021158849953,M2,80.07954003770419,-6601.2019791068315,6049.746541104247,49.96526028020338,29.034986419432386,28.484993987878774,62.99963235847749
UGC10310_rotmod,7,4.933405895160422,13.654121142527817,10.545941440638444,3.2729253446598,9.928661679686266,6.820481977796893,2.8149471854149257,9.228174365444637,6.119994663555263,15.430787589031885,65.09883138795885,65.09883138795885,M2,0.7004873142416299,-4.425946777083181,54.55288994732041,6.648145756437595,3.9441409044946405,2.9587793498414214,14.391551099480754
UGC11455_rotmod,36,39.23466591626008,1254.5944891824693,1257.3978906957452,40.232591174748855,1319.0020025729946,1321.8054040862705,42.36146945407751,1486.5282651457019,1489.3316666589778,80.75592110529081,5296.6227841023,5296.6227841023,M0,64.40751339052531,231.93377596323262,4039.2248934065547,40.09233514377788,40.222457227677566,42.512408338410935,81.1326272777192
UGC11557_rotmod,12,8.293431622398575,19.198391787803434,18.8348717540461,19.85225481796151,84.77948230134068,84.41596226758335,23.455484083301524,128.05923352905202,127.6957134952947,56.9628210422174,654.0879475677752,654.0879475677752,M0,65.58109051353725,108.86084174124859,635.2530758137292,9.320376667090752,19.921279108411113,23.934411218140525,56.71854220817636
UGC11820_rotmod,10,3.7816627449007245,17.42760663192274,16.318491103625117,2.200249483384522,9.679423718333238,8.570308190035616,2.610128508021734,17.09031706216307,15.981201533865447,13.524480016193642,149.8151056579319,149.8151056579319,M1,7.41089334382983,-0.3372895697596707,133.49661455430677,4.707982219402109,2.14996043900133,3.8692475855684485,13.347527156180504
UGC11914_rotmod,65,15.72002242087715,516.1613788649868,520.3166050176811,18.15868607197991,687.326432986144,691.4816591388385,18.699458860037076,745.6869296379289,749.8421557906233,34.81075444302595,2510.5173212034397,2510.5173212034397,M0,171.16505412115737,229.5255507729422,1990.2007161857587,15.95035339647691,17.76016527640899,18.325502424074777,34.88235582167409
UGC12506_rotmod,31,16.48112123831375,52.66439538926503,55.10379836966389,6.426862835336726,11.763472411075758,14.202875391474622,8.555452716756,20.357369764403177,22.79677274480204,23.133074041783146,95.03047258075054,95.03047258075054,M1,8.593897353327419,-32.30702562486185,39.92667421108665,16.051026669127037,6.010271231620086,8.596926606550012,22.747715981546474
UGC12632_rotmod,15,3.126384734402783,18.116617064817657,18.532717467022078,2.694596534150996,14.743713158076302,15.159813560280721,1.7953515981166988,10.686434382020886,11.102534784225305,13.51852828747986,245.2425510069508,245.2425510069508,M2,4.057278776055416,-7.430182682796772,226.70983353992872,3.679597777968536,2.7042767773951244,1.7739362443007258,13.311813857458068
UGC12732_rotmod,16,3.16957856632138,17.642171190886273,18.264271712288913,2.494358455200472,12.800258788238533,13.422359309641173,1.548723857731752,10.807736982223073,11.429837503625713,10.072114542228148,128.4382724277071,128.4382724277071,M2,1.9925218060154606,-6.8344342086632,110.17400071541817,2.8156345680395733,2.5425990339129756,1.4073125465775214,10.01691744627375
UGCA281_rotmod,7,1.8086183950395167,9.544189276903026,6.436009575013651,0.6466421789989829,7.325224750402652,4.217045048513278,1.2470850672792064,10.38973626473732,7.281556562847946,7.0992654249843605,39.19966522451651,39.19966522451651,M1,2.218964526500373,0.8455469878342949,32.76365564950286,1.8303401354832673,0.7115384495717908,1.1112228180568917,7.221095470504601
UGCA442_rotmod,8,3.9887130705825475,20.408706411357485,18.16758949471716,2.5627889745900085,12.183065814858077,9.941948898217749,3.3195549978036194,18.727591524070952,16.486474607430626,5.053271087151792,22.4842101052052,22.4842101052052,M1,6.544525709212877,-1.6811148872865331,4.316620610488041,5.010904532795127,4.340489602890329,2.8516931341103624,4.949901955246303
UGCA444_rotmod,36,2.357752862783288,19.329996910395543,22.1333984236714,1.2584042810596174,8.627074992807623,11.43047650608348,1.4014267646249117,16.20565298297231,19.009054496248165,5.458289082652567,80.21077414348902,80.21077414348902,M1,7.5785779901646855,-3.1243439274232365,58.07737571981762,2.374288180922581,1.243623268805789,1.9301419579749843,5.456283109403784
